{"images/esell%20photo/10beach_vert.jpeg":["images/esell%20photo/10beach_vert.jpeg"],"images/esell%20photo/1black.jpg":["images/esell%20photo/1black.jpg"],"images/esell%20photo/1black_vert.jpg":["images/esell%20photo/1black_vert.jpg"],"images/esell%20photo/2blacknwhite.jpg":["images/esell%20photo/2blacknwhite.jpg"],"images/esell%20photo/2bnw_vert.jpg":["images/esell%20photo/2bnw_vert.jpg"],"images/esell%20photo/3brown.jpg":["images/esell%20photo/3brown.jpg"],"images/esell%20photo/4red.jpg":["images/esell%20photo/4red.jpg"],"images/esell%20photo/5green_sq.jpg":["images/esell%20photo/5green_sq.jpg"],"images/esell%20photo/6white_rect.jpg":["images/esell%20photo/6white_rect.jpg"],"images/esell%20photo/7red_vert.jpg":["images/esell%20photo/7red_vert.jpg"],"images/esell%20photo/8shoeshirt.jpeg":["images/esell%20photo/8shoeshirt.jpeg"],"images/esell%20photo/9black_vert.jpeg":["images/esell%20photo/9black_vert.jpeg"],"fonts/Bree_Serif/BreeSerif-Regular.ttf":["fonts/Bree_Serif/BreeSerif-Regular.ttf"],"packages/cupertino_icons/assets/CupertinoIcons.ttf":["packages/cupertino_icons/assets/CupertinoIcons.ttf"],"fonts/Ropa_Sans/RopaSans-Regular.ttf":["fonts/Ropa_Sans/RopaSans-Regular.ttf"],"fonts/Ropa_Sans/RopaSans-RegularItalic.ttf":["fonts/Ropa_Sans/RopaSans-RegularItalic.ttf"],"images/icons/about.png":["images/icons/about.png"],"images/icons/account.png":["images/icons/account.png"],"images/women/bag.jpeg":["images/women/bag.jpeg"],"images/categoryimg/bagmen.jpeg":["images/categoryimg/bagmen.jpeg"],"images/esell%20photo/bnw_vert.jpeg":["images/esell%20photo/bnw_vert.jpeg"],"images/icons/cart.png":["images/icons/cart.png"],"images/SubMain/Shirt/casualShirt.jpg":["images/SubMain/Shirt/casualShirt.jpg"],"images/SubMain/foot/casualshoes.jpg":["images/SubMain/foot/casualshoes.jpg"],"images/icons/email.png":["images/icons/email.png"],"images/emptycart.png":["images/emptycart.png"],"images/emptywishlist.png":["images/emptywishlist.png"],"images/logo/esell512*512.png":["images/logo/esell512*512.png"],"images/icons/facebookicon.png":["images/icons/facebookicon.png"],"images/SubMain/Shirt/formalShirt.jpeg":["images/SubMain/Shirt/formalShirt.jpeg"],"images/SubMain/pant/formalpant.jpg":["images/SubMain/pant/formalpant.jpg"],"images/SubMain/foot/formalshoes.jpg":["images/SubMain/foot/formalshoes.jpg"],"images/SubMain/watchNglass/glasses.png":["images/SubMain/watchNglass/glasses.png"],"images/icons/glassesandjunga.png":["images/icons/glassesandjunga.png"],"images/icons/googleicon.png":["images/icons/googleicon.png"],"images/icons/homepage.png":["images/icons/homepage.png"],"images/SubMain/Shirt/jacket.jpg":["images/SubMain/Shirt/jacket.jpg"],"images/SubMain/pant/jeans.jpeg":["images/SubMain/pant/jeans.jpeg"],"images/logo/logo.png":["images/logo/logo.png"],"images/logo/logoonly1.png":["images/logo/logoonly1.png"],"images/icons/logout.png":["images/icons/logout.png"],"images/offers/one.jpg":["images/offers/one.jpg"],"images/icons/order.png":["images/icons/order.png"],"images/icons/pant.png":["images/icons/pant.png"],"images/categoryimg/pants.jpg":["images/categoryimg/pants.jpg"],"images/women/pantwomen.jpeg":["images/women/pantwomen.jpeg"],"images/icons/phone.png":["images/icons/phone.png"],"images/SubMain/foot/sandals.jpeg":["images/SubMain/foot/sandals.jpeg"],"images/women/shirt.jpeg":["images/women/shirt.jpeg"],"images/categoryimg/shirt.jpg":["images/categoryimg/shirt.jpg"],"images/icons/shoe.png":["images/icons/shoe.png"],"images/women/shoes.jpeg":["images/women/shoes.jpeg"],"images/categoryimg/shoes.jpg":["images/categoryimg/shoes.jpg"],"images/SubMain/foot/sportsshoes.jpg":["images/SubMain/foot/sportsshoes.jpg"],"images/SubMain/pant/sportswear.jpg":["images/SubMain/pant/sportswear.jpg"],"images/women/sunglass.jpeg":["images/women/sunglass.jpeg"],"images/categoryimg/sunglassmen.jpeg":["images/categoryimg/sunglassmen.jpeg"],"images/offers/three.jpg":["images/offers/three.jpg"],"images/SubMain/Shirt/tshirt.jpg":["images/SubMain/Shirt/tshirt.jpg"],"images/icons/tshirt.png":["images/icons/tshirt.png"],"images/offers/two.jpg":["images/offers/two.jpg"],"images/SubMain/watchNglass/watch.jpg":["images/SubMain/watchNglass/watch.jpg"],"images/women/watches.jpeg":["images/women/watches.jpeg"],"images/categoryimg/watchesNglasses.jpg":["images/categoryimg/watchesNglasses.jpg"],"images/icons/wishlist.png":["images/icons/wishlist.png"]}