{"images/esell%20photo/10beach_vert.jpeg":["images/esell%20photo/10beach_vert.jpeg"],"images/esell%20photo/1black.jpg":["images/esell%20photo/1black.jpg"],"images/esell%20photo/1black_vert.jpg":["images/esell%20photo/1black_vert.jpg"],"images/esell%20photo/2blacknwhite.jpg":["images/esell%20photo/2blacknwhite.jpg"],"images/esell%20photo/2bnw_vert.jpg":["images/esell%20photo/2bnw_vert.jpg"],"images/esell%20photo/3brown.jpg":["images/esell%20photo/3brown.jpg"],"images/esell%20photo/4red.jpg":["images/esell%20photo/4red.jpg"],"images/esell%20photo/5green_sq.jpg":["images/esell%20photo/5green_sq.jpg"],"images/esell%20photo/6white_rect.jpg":["images/esell%20photo/6white_rect.jpg"],"images/esell%20photo/7red_vert.jpg":["images/esell%20photo/7red_vert.jpg"],"images/esell%20photo/8shoeshirt.jpeg":["images/esell%20photo/8shoeshirt.jpeg"],"images/esell%20photo/9black_vert.jpeg":["images/esell%20photo/9black_vert.jpeg"],"fonts/Bree_Serif/BreeSerif-Regular.ttf":["fonts/Bree_Serif/BreeSerif-Regular.ttf"],"packages/cupertino_icons/assets/CupertinoIcons.ttf":["packages/cupertino_icons/assets/CupertinoIcons.ttf"],"images/icons/CustomerService.png":["images/icons/CustomerService.png"],"fonts/Ropa_Sans/RopaSans-Regular.ttf":["fonts/Ropa_Sans/RopaSans-Regular.ttf"],"fonts/Ropa_Sans/RopaSans-RegularItalic.ttf":["fonts/Ropa_Sans/RopaSans-RegularItalic.ttf"],"images/esellIcons/about.png":["images/esellIcons/about.png"],"images/esellIcons/account.png":["images/esellIcons/account.png"],"images/women/bag.jpeg":["images/women/bag.jpeg"],"images/categoryimg/bagmen.jpeg":["images/categoryimg/bagmen.jpeg"],"images/esell%20photo/bnw_vert.jpeg":["images/esell%20photo/bnw_vert.jpeg"],"images/esellIcons/cart.png":["images/esellIcons/cart.png"],"images/icons/cash.png":["images/icons/cash.png"],"images/icons/contactUs.png":["images/icons/contactUs.png"],"images/esellIcons/coupon.png":["images/esellIcons/coupon.png"],"images/icons/email.png":["images/icons/email.png"],"images/emptywishlist.png":["images/emptywishlist.png"],"images/icons/facebookicon.png":["images/icons/facebookicon.png"],"images/icons/glassesandjunga.png":["images/icons/glassesandjunga.png"],"images/icons/googleicon.png":["images/icons/googleicon.png"],"images/esellIcons/helpcenter.png":["images/esellIcons/helpcenter.png"],"images/logo/logoonly.png":["images/logo/logoonly.png"],"images/icons/logout.png":["images/icons/logout.png"],"images/esellIcons/man.png":["images/esellIcons/man.png"],"images/esellIcons/order.png":["images/esellIcons/order.png"],"images/icons/pant.png":["images/icons/pant.png"],"images/categoryimg/pants.jpg":["images/categoryimg/pants.jpg"],"images/women/pantwomen.jpeg":["images/women/pantwomen.jpeg"],"images/icons/phone.png":["images/icons/phone.png"],"images/icons/plusmemb.png":["images/icons/plusmemb.png"],"images/icons/remove.png":["images/icons/remove.png"],"images/icons/return.png":["images/icons/return.png"],"images/icons/rupee.png":["images/icons/rupee.png"],"images/icons/save.png":["images/icons/save.png"],"images/myntra%20images/scroll1.jpg":["images/myntra%20images/scroll1.jpg"],"images/women/shirt.jpeg":["images/women/shirt.jpeg"],"images/categoryimg/shirt.jpg":["images/categoryimg/shirt.jpg"],"images/icons/shoe.png":["images/icons/shoe.png"],"images/women/shoes.jpeg":["images/women/shoes.jpeg"],"images/categoryimg/shoes.jpg":["images/categoryimg/shoes.jpg"],"images/icons/stack.png":["images/icons/stack.png"],"images/women/sunglass.jpeg":["images/women/sunglass.jpeg"],"images/categoryimg/sunglassmen.jpeg":["images/categoryimg/sunglassmen.jpeg"],"images/icons/tshirt.png":["images/icons/tshirt.png"],"images/women/watches.jpeg":["images/women/watches.jpeg"],"images/categoryimg/watchesNglasses.jpg":["images/categoryimg/watchesNglasses.jpg"],"images/esellIcons/wishlist.png":["images/esellIcons/wishlist.png"],"images/esellIcons/woman.png":["images/esellIcons/woman.png"]}